Threads,Points,Time_Seconds
1,10000,0.005628
1,100000,0.055912
1,1000000,0.554117
1,10000000,5.469228
2,10000,0.003287
2,100000,0.029374
2,1000000,0.295764
2,10000000,2.913177
4,10000,0.001706
4,100000,0.015764
4,1000000,0.155189
4,10000000,1.537362
8,10000,0.001121
8,100000,0.009282
8,1000000,0.089888
8,10000000,0.922809
12,10000,0.013304
12,100000,0.023183
12,1000000,0.106609
12,10000000,0.730363
16,10000,0.012561
16,100000,0.027419
16,1000000,0.076397
16,10000000,0.690554
