Threads,Custom_Time_Sec,StdLib_Time_Sec
1,5.863290e-01,5.618341e-01
2,4.817400e-01,5.148211e-01
4,3.874290e-01,5.693099e-01
8,3.416121e-01,6.421051e-01
