Threads,Points,Time_Seconds
1,10000,0.039226
1,100000,0.371890
1,1000000,3.708235
1,10000000,37.189841
2,10000,0.020380
2,100000,0.190089
2,1000000,1.867612
2,10000000,18.673985
4,10000,0.009607
4,100000,0.094048
4,1000000,0.933305
4,10000000,9.311759
8,10000,0.005050
8,100000,0.048582
8,1000000,0.474151
8,10000000,4.716284
12,10000,0.003877
12,100000,0.037557
12,1000000,0.361867
12,10000000,3.601316
16,10000,0.003329
16,100000,0.032167
16,1000000,0.351893
16,10000000,3.174302
