Threads,Points,Time_Seconds
1,10000,0.025275
1,100000,0.252806
1,1000000,2.535530
1,10000000,25.388070
2,10000,0.013073
2,100000,0.127611
2,1000000,1.279381
2,10000000,12.817900
4,10000,0.006690
4,100000,0.065216
4,1000000,0.652101
4,10000000,6.500675
8,10000,0.003799
8,100000,0.036228
8,1000000,0.349744
8,10000000,3.516913
12,10000,0.003223
12,100000,0.027044
12,1000000,0.257148
12,10000000,2.581668
16,10000,0.005802
16,100000,0.032247
16,1000000,0.221553
16,10000000,2.225252
